[{"code":"credit by - Android sketchware master channel - https://youtube.com/@ANDROID_SKETCHWARE_MASTER\n\n telegram - @ANDROID_SKETCHWARE_MASTER\n\n It is made with care and free for you. It is for use only. Do not try to take credit for it. Credit only to this channel\n youtube.com/@ANDROID_SKETCHWARE_MASTER. * Code, block, name will not change.","color":"#FFFF5722","name":"MASTER-list animation","palette":"18","type":"h","spec":"CREATE BY-ANDROID SKETCHWIRE MASTER ✅"},{"code":"","color":"#FFFF5722","name":" k","typeName":"","palette":"18","type":"h","spec":"list animation by Android sketchware master "},{"code":"Animation animation; animation \u003d AnimationUtils.loadAnimation( getApplicationContext(), android.R.anim.%1$s ); animation.setDuration(%2$s); %3$s.startAnimation(animation); animation \u003d null;","color":"#FFFF5722","name":"vkh","typeName":"","palette":"18","type":" ","spec":"list view animation %s  in duration %d to view%m.view "},{"code":"slide_in_left","color":"#FFFF5722","name":"gubn","typeName":"","palette":"18","type":"s","spec":"left side animation"},{"code":"slide_out_right","color":"#FFFF5722","name":"gubn_copy96","typeName":"","palette":"18","type":"s","spec":"Right side animation"},{"code":"fade_in","color":"#FFFF5722","name":"gubn_copy29","typeName":"","palette":"18","type":"s","spec":"fade_in"},{"code":"fade_out","color":"#FFFF5722","name":"gubn_copy48","typeName":"","palette":"18","type":"s","spec":"fade_out"}]