[{"code":"TastyToast.makeText(getApplicationContext(), %1$s, TastyToast.LENGTH_LONG, TastyToast.INFO);","color":"#FF448AFF","name":"info1","typeName":"","palette":"12","type":" ","spec":"INFO TOAST %s "},{"code":"TastyToast.makeText(getApplicationContext(), %1$s, TastyToast.LENGTH_LONG, TastyToast.SUCCESS);","color":"#FF00E676","name":"success1","typeName":"","palette":"12","type":" ","spec":"SUCCESS TOAST %s "},{"code":"TastyToast.makeText(getApplicationContext(), %1$s, TastyToast.LENGTH_LONG, TastyToast.ERROR);","color":"#FFFF1744","name":"error1","typeName":"","palette":"12","type":" ","spec":"ERROR TOAST %s "},{"code":"TastyToast.makeText(getApplicationContext(), %1$s, TastyToast.LENGTH_LONG, TastyToast.CONFUSING);","color":"#FFFF9100","name":"confusing1","typeName":"","palette":"12","type":" ","spec":"CONFUSING TOAST %s "},{"code":"TastyToast.makeText(getApplicationContext(), %1$s, TastyToast.LENGTH_LONG, TastyToast.DEFAULT);","color":"#FF424242","name":"default1","typeName":"","palette":"12","type":" ","spec":"DEFAULT TOAST %s "}]